index,task,SMILES,measured log solubility in mols per litre
0,ESOL,Cc1cccc(C)c1O,-1.29
1,ESOL,ClCC(Cl)(Cl)Cl,-2.18
2,ESOL,CC34CCC1C(=CCc2cc(O)ccc12)C3CCC4=O,-5.282
3,ESOL,c1ccc2c(c1)ccc3c2ccc4c5ccccc5ccc43,-7.87
4,ESOL,CCCCCCCC(=O)C,-2.58
5,ESOL,CC(=O)C1(O)CCC2C3CCC4=CC(=O)CCC4(C)C3CCC21C,-3.817
6,ESOL,CCCCC(=O)CCCC,-2.58
7,ESOL,CCc1ccccc1,-2.77
8,ESOL,Oc1c(Cl)ccc(Cl)c1Cl,-2.64
9,ESOL,CCCCCCCCCC(C)O,-2.94
10,ESOL,Oc1cccc(c1)N(=O)=O,-1.01
11,ESOL,CC(C)C(=O)C(C)C,-1.3
12,ESOL,BrC(Cl)Cl,-1.54
13,ESOL,CNC(=O)Oc1cccc(N=CN(C)C)c1,-2.34
14,ESOL,COc1cc(CC=C)ccc1O,-1.56
15,ESOL,COC(=O)c1ccccc1C(=O)OC,-1.66
16,ESOL,COc1ccc(C=O)cc1,-1.49
17,ESOL,CCCCOC(=O)c1ccccc1C(=O)OCCCC ,-4.4
18,ESOL,Clc1ccc(Cl)c(Cl)c1Cl,-4.57
19,ESOL,CCCCOCN(C(=O)CCl)c1c(CC)cccc1CC ,-4.19
20,ESOL,CCCCCCCCl,-4.0
21,ESOL,C=CCCC=C,-2.68
22,ESOL,C1CCOCC1,-0.03
23,ESOL,CCCOCCC,-1.62
24,ESOL,O=C1NC(=O)NC(=O)C1(CC)CC,-2.4
25,ESOL,CCN2c1nc(C)cc(C(F)(F)F)c1NC(=O)c3cccnc23 ,-4.207
26,ESOL,Cc1ncc(N(=O)=O)n1CCO ,-1.26
27,ESOL,CCC,-1.94
28,ESOL,CN(C)C(=O)NC1CC2CC1C3CCCC23,-3.1710000000000003
29,ESOL,ClC(=C)Cl,-1.64
30,ESOL,CC(=O)Nc1nnc(s1)S(N)(=O)=O ,-2.36
31,ESOL,Nc1cc(nc(N)n1=O)N2CCCCC2 ,-1.989
32,ESOL,CN(C)C(=O)Oc1nc(nc(C)c1C)N(C)C,-1.95
33,ESOL,CCCCCCCC=C,-5.05
34,ESOL,CN(C)C(=O)Nc1ccccc1,-1.6
35,ESOL,CCCOC(=O)C,-0.72
36,ESOL,Clc1ccc(I)cc1,-4.03
37,ESOL,ClC1C=CC2C1C3(Cl)C(=C(Cl)C2(Cl)C3(Cl)Cl)Cl,-6.317
38,ESOL,COC(=O)c1cc(O)c(O)c(O)c1 ,-1.24
39,ESOL,c1ccc2cnccc2c1,-1.45
40,ESOL,Cc1c(C)c2c3ccccc3ccc2c4ccccc14,-7.01
41,ESOL,CC(=O)OCC(=O)C3(O)CCC4C2CCC1=CC(=O)CCC1(C)C2C(=O)CC34C ,-4.21
42,ESOL,CCN2c1nc(N(C)(CCO))ccc1NC(=O)c3cccnc23 ,-3.36
43,ESOL,CCC=C,-1.94
44,ESOL,NC(=O)c1cccnc1 ,0.61
45,ESOL,CN(C)C(=O)Nc1ccc(c(Cl)c1)n2nc(oc2=O)C(C)(C)C,-4.328
46,ESOL,ClC1=C(Cl)C(Cl)(C(=C1Cl)Cl)C2(Cl)C(=C(Cl)C(=C2Cl)Cl)Cl,-7.278
47,ESOL,CC(Cl)CCl,-1.6
48,ESOL,CCCCC1C(=O)N(N(C1=O)c2ccccc2)c3ccccc3 ,-3.81
49,ESOL,CN2C(=O)CN=C(c1ccccc1)c3cc(ccc23)N(=O)=O,-3.796
50,ESOL,c1cc2ccc3cccc4ccc(c1)c2c34,-6.176
51,ESOL,CCCC=C,-2.68
52,ESOL,ClC(Cl)C(c1ccc(Cl)cc1)c2ccccc2Cl ,-6.51
53,ESOL,c1nccc(C(=O)NN)c1,0.009
54,ESOL,c1cncnc1,1.1
55,ESOL,CCCCCCl,-2.73
56,ESOL,Cc1cccc2ccccc12,-3.7
57,ESOL,CCCCC(CC)CO,-2.11
58,ESOL,Nc1nc(O)nc2nc[nH]c12 ,-3.401
59,ESOL,CCC1(CCC(=O)NC1=O)c2ccccc2 ,-2.337
60,ESOL,CC1CCCCC1,-3.85
61,ESOL,NS(=O)(=O)c2cc1c(NCNS1(=O)=O)cc2Cl ,-2.63
62,ESOL,Cc1ccnc(C)c1,0.38
64,ESOL,Cc1ccc(C)c2ccccc12,-4.14
65,ESOL,CCCCCCC(C)O,-2.09
66,ESOL,CC(C)C(C)C(C)C,-4.8
67,ESOL,CC(=O)OCC(=O)C3(O)CCC4C2CCC1=CC(=O)C=CC1(C)C2C(O)CC34C ,-4.37
68,ESOL,Clc1ccc(c(Cl)c1)c2c(Cl)ccc(Cl)c2Cl ,-7.43
69,ESOL,Cl\C=C/Cl,-1.3
70,ESOL,COP(=O)(OC)OC(Br)C(Cl)(Cl)Br,-2.28
71,ESOL,CC(OC(=O)Nc1cccc(Cl)c1)C#C,-2.617
72,ESOL,Sc1ccccc1,-2.12
73,ESOL,c1ccc(Cl)cc1C(c2ccc(Cl)cc2)(O)C(=O)OC(C)C,-4.53
74,ESOL,CCN(CC)C(=O)CSc1ccc(Cl)nn1,-1.716
75,ESOL,C=Cc1ccccc1,-2.82
76,ESOL,O=C1NC(=O)NC(=O)C1(CC)C(C)C,-2.148
77,ESOL,CC(C)CCC(C)(C)C,-5.05
78,ESOL,CCc1ccc2ccccc2c1,-4.29
79,ESOL,Clc1cc(Cl)c(Cl)c(Cl)c1,-4.63
80,ESOL,CC(=O)CC(c1ccc(Cl)cc1)c2c(O)c3ccccc3oc2=O,-5.839
81,ESOL,CC(C)=CC3C(C(=O)OCc2cccc(Oc1ccccc1)c2)C3(C)C ,-5.24
82,ESOL,c1cnc2c(c1)ccc3ncccc23,-2.68
84,ESOL,CCCCC=C,-3.23
85,ESOL,c1ccoc1,-0.82
86,ESOL,CCCCCCC,-4.53
87,ESOL,CCCCCC1CCCC1,-6.08
88,ESOL,CCNc1nc(NC(C)C)nc(OC)n1,-2.084
89,ESOL,OC(c1ccc(Cl)cc1)(c2cncnc2)c3ccccc3Cl,-4.38
90,ESOL,CC#N,0.26
91,ESOL,OC(C(=O)c1ccccc1)c2ccccc2,-2.85
92,ESOL,NC(=S)Nc1ccccc1,-1.77
93,ESOL,OCC(O)C(O)C(O)C(O)CO,1.09
94,ESOL,CCCCCl,-2.03
95,ESOL,Cc1c2ccccc2c(C)c3ccccc13,-6.57
96,ESOL,CCCOCC,-0.66
97,ESOL,CON(C)C(=O)Nc1ccc(Br)c(Cl)c1,-3.924
98,ESOL,Clc1cc(c(Cl)c(Cl)c1Cl)c2cc(Cl)c(Cl)c(Cl)c2Cl,-9.16
99,ESOL,CCCC(O)CCC,-1.4
100,ESOL,COc1ccc(NC(=O)N(C)C)cc1Cl,-2.564
101,ESOL,CCOc1ccc(cc1)C(C)(C)COCc3cccc(Oc2ccccc2)c3,-8.6
102,ESOL,O=C(c1ccccc1)c2ccccc2,-3.12
103,ESOL,COC(=O)Nc2nc1ccc(cc1[nH]2)C(=O)c3ccccc3,-3.88
104,ESOL,CCCCCCC#C,-3.66
105,ESOL,CCCCCCCCCC(=O)OC,-4.69
106,ESOL,Oc1ccc(Cl)cc1Cl,-1.55
107,ESOL,O=C1NC(=O)NC(=O)C1(CC=C)c1ccccc1,-2.369
108,ESOL,CCc1cccc2ccccc12,-4.17
109,ESOL,Clc1ccc(c(Cl)c1)c2cc(Cl)c(Cl)c(Cl)c2Cl ,-7.39
110,ESOL,COc1cccc(Cl)c1,-2.78
111,ESOL,CCCCCCCCC,-5.88
112,ESOL,CCCCCCCCCO,-3.01
113,ESOL,COP(=S)(OC)Oc1cc(Cl)c(I)cc1Cl,-6.62
114,ESOL,CC12CC(O)C3C(CCC4=CC(=O)C=CC34C)C2CCC1(O)C(=O)CO,-3.18
115,ESOL,C/C=C/C=O,0.32
116,ESOL,O=C1NC(=O)NC(=O)C1(CC)C(C)CCC,-2.39
117,ESOL,Clc1cccc(Cl)c1,-3.04
118,ESOL,c1ccccc1n2ncc(N)c(Br)c2(=O),-3.127
119,ESOL,Cc1[nH]c(=O)n(c(=O)c1Cl)C(C)(C)C,-2.484
120,ESOL,CC(C)Br,-1.59
121,ESOL,O=C1N(C2CCC(=O)NC2=O)C(=O)c3ccccc13,-2.676
123,ESOL,Clc1ccc(cc1)C(c2ccc(Cl)cc2)C(Cl)(Cl)Cl,-7.15
124,ESOL,Cc1c(F)c(F)c(COC(=O)C2C(C=C(Cl)C(F)(F)F)C2(C)C)c(F)c1F,-7.3210000000000015
125,ESOL,CCCC(=O)C,-0.19
126,ESOL,CC(C)O,0.43
127,ESOL,Clc1ccc(cc1)N(=O)=O,-2.92
128,ESOL,CCC(C)c1cc(cc(N(=O)=O)c1O)N(=O)=O ,-3.38
129,ESOL,c1cc2ccc3ccc4ccc5cccc6c(c1)c2c3c4c56,-9.018
130,ESOL,Cc2cccc3sc1nncn1c23 ,-2.07
131,ESOL,Cc1ccccc1N(=O)=O,-2.33
132,ESOL,CCOP(=S)(OCC)SC(CCl)N2C(=O)c1ccccc1C2=O,-6.34
134,ESOL,CCNc1nc(Cl)nc(n1)N(CC)CC,-4.06
135,ESOL,Cc1cccc(C)n1,0.45
137,ESOL,ClC(Cl)=C(c1ccc(Cl)cc1)c2ccc(Cl)cc2,-6.9
138,ESOL,CCCC(C)C1(CC=C)C(=O)NC(=S)NC1=O ,-3.46
139,ESOL,CC1(O)CCC2C3CCC4=CC(=O)CCC4(C)C3CCC21C,-3.999
140,ESOL,CC(C)CCO,-0.51
141,ESOL,CC34CCC1C(CCC2CC(=O)CCC12C)C3CCC4O ,-4.743
142,ESOL,CCCCOC(=O)c1ccc(N)cc1,-3.082
143,ESOL,CCC(C)C1(CC=C)C(=O)NC(=O)NC1=O,-2.016
144,ESOL,C1SC(=S)NC1(=O),-1.77
145,ESOL,CSc1nc(nc(n1)N(C)C)N(C)C,-2.676
146,ESOL,Oc1cc(Cl)cc(Cl)c1,-1.34
147,ESOL,CN2C(=C(O)c1ccccc1S2(=O)=O)C(=O)Nc3ccccn3 ,-4.16
148,ESOL,CC12CCC(CC1)C(C)(C)O2,-1.74
149,ESOL,CCCC(O)CC,-0.8
150,ESOL,FC(F)(Cl)C(F)(Cl)Cl,-3.04
151,ESOL,Clc1ccc(cc1Cl)c2ccccc2 ,-6.39
152,ESOL,CCCCCOC(=O)CC,-1.28
153,ESOL,CCCCC1C(=O)N(N(C1=O)c2ccc(O)cc2)c3ccccc3 ,-3.73
154,ESOL,CCCO,0.62
155,ESOL,Oc1ccccc1Cl,-1.06
156,ESOL,CCCC=C(CC)C=O,-2.46
157,ESOL,Ic1cccc2ccccc12,-4.55
158,ESOL,CC34CCC1C(CCC2=CC(=O)CCC12C)C3CCC4=O,-3.69
159,ESOL,CCCCCCCCC(=O)C,-3.3
160,ESOL,OCC(O)C2OC1OC(OC1C2O)C(Cl)(Cl)Cl ,-1.84
161,ESOL,CCOP(=S)(OCC)Oc1cc(C)nc(n1)C(C)C,-3.64
162,ESOL,Clc1cc(Cl)c(cc1Cl)c2cccc(Cl)c2Cl ,-7.21
163,ESOL,CCOC(=O)c1ccc(O)cc1,-2.35
164,ESOL,CCNc1nc(Cl)nc(NC(C)(C)C#N)n1,-3.15
165,ESOL,C1c2ccccc2c3ccccc13,-5.0
166,ESOL,COCCCNc1nc(NC(C)C)nc(SC)n1,-2.928
167,ESOL,CC(C)OC(=O)C(O)(c1ccc(Br)cc1)c2ccc(Br)cc2 ,-4.93
168,ESOL,Oc1ccccc1O,0.62
169,ESOL,Cc1ccccc1,-2.21
170,ESOL,CN(C)c1ccccc1,-1.92
171,ESOL,CCCOC(=O)CCC,-1.75
172,ESOL,Cc1cc(C)c(C)cc1C,-4.59
173,ESOL,CC(C)C(C)O,-0.18
176,ESOL,CCCCOCCCC,-1.85
177,ESOL,C1OC1c2ccccc2 ,-1.6
178,ESOL,CC(C)=CCCC(O)(C)C=C,-1.99
179,ESOL,Cc2cnc1cncnc1n2,-0.8540000000000001
181,ESOL,O=C1CCC(=O)N1,0.3
183,ESOL,Cc1c[nH]c2ccccc12 ,-2.42
184,ESOL,CCN(CC)c1nc(Cl)nc(NC(C)C)n1,-3.785
186,ESOL,CCCCCC#C,-3.01
187,ESOL,C,-0.9
188,ESOL,CSC,-0.45
189,ESOL,c1(C(=O)OCCCCCC(C)(C))c(C(=O)OCCCCCC(C)(C))cccc1,-6.6370000000000005
190,ESOL,CCCCCCCCCCCCCC,-7.96
191,ESOL,CC(C)OC(=O)Nc1cccc(Cl)c1,-3.38
192,ESOL,CCCCN(CC)C(=O)SCCC,-3.53
193,ESOL,CC1(C)C(C=C(Cl)C(F)(F)F)C1C(=O)OC(C#N)c2cccc(Oc3ccccc3)c2,-8.176
194,ESOL,OC1C=CC2C1C3(Cl)C(=C(Cl)C2(Cl)C3(Cl)Cl)Cl ,-5.46
195,ESOL,COc2cnc1ncncc1n2,-1.139
196,ESOL,Cc1ccccc1N,-2.21
197,ESOL,CCCCCC(C)(C)O,-1.72
198,ESOL,O=N(=O)c1ccccc1,-1.8
199,ESOL,Nc1ccc(cc1)N(=O)=O,-2.37
200,ESOL,ClC(Cl)C(c1ccc(Cl)cc1)c2ccc(Cl)cc2 ,-7.2
201,ESOL,c1ccc2cc3ccccc3cc2c1,-6.35
202,ESOL,c2ccc1[nH]nnc1c2,-0.78
203,ESOL,COC(=O)c1ccc(O)cc1,-1.827
204,ESOL,Clc1cccc(c1Cl)c2c(Cl)c(Cl)cc(Cl)c2Cl ,-8.6
205,ESOL,Cc1ccc(O)cc1,-0.73
206,ESOL,CC(=O)N,1.58
207,ESOL,CC=C,-1.08
208,ESOL,CCC(=O)Nc1ccc(Cl)c(Cl)c1,-3.0
209,ESOL,O=C1NC(=O)C(=O)C(=O)N1 ,-1.25
210,ESOL,CCc1cccc(C)c1N(C(C)COC)C(=O)CCl ,-2.73
211,ESOL,Clc1cc(Cl)c(Cl)c(Cl)c1Cl,-5.65
212,ESOL,CCC(=O)C,0.52
213,ESOL,CCCC(O)C=C,-0.59
214,ESOL,CN(C)C(=O)C(c1ccccc1)c2ccccc2 ,-2.98
215,ESOL,O=C1NC(=O)NC(=O)C1(C(C)C)CC=C,-1.7080000000000002
216,ESOL,OC(C1=CC2C5C(C1C2=C(c3ccccc3)c4ccccn4)C(=O)NC5=O)(c6ccccc6)c7ccccn7 ,-3.931
217,ESOL,CNc1ccccc1,-1.28
218,ESOL,Oc1ccc(Cl)c(Cl)c1Cl,-2.67
219,ESOL,CNC(=O)ON=C(SC)C(=O)N(C)C,0.106
221,ESOL,CCCOC(=O)CC,-0.82
222,ESOL,Cc1ccncc1C,0.36
223,ESOL,CCc1ccccc1C,-3.21
224,ESOL,ClC=C,-1.75
225,ESOL,C=CCS(=O)SCC=C,-0.83
226,ESOL,CCCCN(C)C(=O)Nc1ccc(Cl)c(Cl)c1,-4.77
227,ESOL,O=N(=O)c1cccc2ccccc12,-3.54
229,ESOL,COC1=CC(=O)CC(C)C13Oc2c(Cl)c(OC)cc(OC)c2C3=O,-3.2460000000000004
230,ESOL,CC(O)c1ccccc1,-0.92
231,ESOL,CC1(C)C2CCC1(C)C(=O)C2,-1.96
232,ESOL,CSc1nc(NC(C)C)nc(NC(C)C)n1,-4.1
233,ESOL,O=N(=O)c1cccc(c1)N(=O)=O,-2.29
234,ESOL,C1c2ccccc2c3cc4ccccc4cc13,-8.04
235,ESOL,CCN2c1ccccc1N(C)C(=S)c3cccnc23 ,-4.706
236,ESOL,Cc1ccc(O)c(C)c1,-1.19
238,ESOL,C1N(C(=O)NCC(C)C)C(=O)NC1,-2.15
241,ESOL,c1cc(C)cc2c1c3cc4cccc5CCc(c45)c3cc2,-7.92
242,ESOL,COc5cc4OCC3Oc2c1CC(Oc1ccc2C(=O)C3c4cc5OC)C(C)=C ,-4.42
244,ESOL,Clc1ccc(c(Cl)c1)c2cc(Cl)ccc2Cl ,-6.57
245,ESOL,CC(C)CO,0.1
246,ESOL,Cc1cc(cc(N(=O)=O)c1O)N(=O)=O,-1.456
247,ESOL,CC(C)CCCO,-1.14
248,ESOL,CCCCC(C)O,-0.89
249,ESOL,c1ccnnc1,1.1
250,ESOL,c1ccc2ncccc2c1,-1.3
251,ESOL,CC(O)C(C)(C)C,-0.62
252,ESOL,ClC(Cl)(Cl)Cl,-2.31
253,ESOL,CC(=O)OC3(CCC4C2C=C(C)C1=CC(=O)CCC1(C)C2CCC34C)C(C)=O ,-5.35
254,ESOL,COc1ccc(cc1)N(=O)=O,-2.41
256,ESOL,Brc1ccc(Br)cc1,-4.07
257,ESOL,CC1CCCCC1NC(=O)Nc2ccccc2,-4.11
258,ESOL,CCCCI,-2.96
259,ESOL,CCCCCCCBr,-4.43
260,ESOL,Cc1cccnc1C,0.38
261,ESOL,CCCCOC=O,-1.37
262,ESOL,CCOP(=S)(OCC)SCSC(C)(C)C,-4.755
263,ESOL,c1ccc2c(c1)cnc3ccccc23 ,-2.78
264,ESOL,NC(=O)c1cnccn1,-0.667
265,ESOL,Cn1ccc(=O)[nH]c1=O,-0.807
266,ESOL,CCCC(C)(C)O,-0.49
267,ESOL,CC(C#C)N(C)C(=O)Nc1ccc(Cl)cc1,-3.9
269,ESOL,CC1CC2C3CCC4=CC(=O)C=CC4(C)C3(F)C(O)CC2(C)C1(O)C(=O)CO,-3.59
270,ESOL,COC(=O)C1=C(C)NC(=C(C1c2ccccc2N(=O)=O)C(=O)OC)C ,-4.76
271,ESOL,CC(=O)OCC(COC(=O)C)OC(=O)C,-0.6
272,ESOL,CCC1(C(=O)NC(=O)NC1=O)C2=CCCCC2 ,-2.17
273,ESOL,Cc1c(cc(cc1N(=O)=O)N(=O)=O)N(=O)=O,-3.22
274,ESOL,CCC(C)C(C)C,-4.28
276,ESOL,O=C1N(COC(=O)CC)C(=O)C(N1)(c2ccccc2)c3ccccc3,-4.907
277,ESOL,CCN(CC)C(=O)C(C)Oc1cccc2ccccc12 ,-3.57
278,ESOL,CC(C)c1ccccc1,-3.27
280,ESOL,C1OC(O)C(O)C(O)C1O,0.39
285,ESOL,c1ccc(cc1)c2ccccc2,-4.345
286,ESOL,Clc1ccccc1C2=NCC(=O)Nc3ccc(cc23)N(=O)=O,-3.499
287,ESOL,Cc1c(C)c(C)c(C)c(C)c1C,-5.23
288,ESOL,CC(C)(C)c1ccc(O)cc1,-2.41
290,ESOL,NC(=N)NS(=O)(=O)c1ccc(N)cc1 ,-1.99
292,ESOL,CCC1(C(=O)NC(=O)NC1=O)c2ccccc2 ,-2.322
293,ESOL,CC1=CCC(CC1)C(C)=C,-4.26
294,ESOL,Nc1ccc(O)cc1,-0.8
295,ESOL,CCC1CCCCC1,-4.25
297,ESOL,Cc1cc(ccc1NS(=O)(=O)C(F)(F)F)S(=O)(=O)c2ccccc2,-3.8
298,ESOL,Cc1ccc(C)c(C)c1,-3.31
299,ESOL,CCN2c1cc(N(C)C)cc(C)c1NC(=O)c3cccnc23 ,-4.871
300,ESOL,Oc1ccc(Cl)cc1C(=O)Nc2ccc(cc2Cl)N(=O)=O,-4.7
301,ESOL,CCC(C)n1c(=O)[nH]c(C)c(Br)c1=O ,-2.523
303,ESOL,CCCC(=O)CCC,-1.3
304,ESOL,CCCCCCCCCCCCCCCCO,-7.0
305,ESOL,O=C1NC(=O)NC(=O)C1(CC)c1ccccc1,-2.322
306,ESOL,CCOc1ccc(NC(=O)C)cc1,-2.35
307,ESOL,CCCCCCC(=O)OCC,-2.74
308,ESOL,CNN,1.34
309,ESOL,CCOC(=O)CC(SP(=S)(OC)OC)C(=O)OCC,-3.37
310,ESOL,c1c(Br)ccc2ccccc12 ,-4.4
312,ESOL,CC2Cc1ccccc1N2NC(=O)c3ccc(Cl)c(c3)S(N)(=O)=O ,-3.5860000000000003
313,ESOL,OC(c1ccc(Cl)cc1)(c2ccc(Cl)cc2)C(Cl)(Cl)Cl,-5.666
315,ESOL,CCOC=C,-0.85
316,ESOL,Nc1ccccc1N(=O)=O,-1.96
317,ESOL,CC(Cl)(Cl)Cl,-2.0
318,ESOL,COP(=S)(OC)Oc1cc(Cl)c(Cl)cc1Cl,-5.72
319,ESOL,Clc1cccc(Cl)c1c2c(Cl)cccc2Cl ,-7.39
320,ESOL,O=c2[nH]c(=O)c1[nH]c(=O)[nH]c1[nH]2 ,-3.93
321,ESOL,CN(C(=O)NC(C)(C)c1ccccc1)c2ccccc2,-3.35
322,ESOL,CCNc1nc(Cl)nc(NC(C)C)n1,-3.85
324,ESOL,c1ccc2c(c1)c3ccccc3c4ccccc24,-6.726
325,ESOL,CC(=O)C3(C)CCC4C2C=C(C)C1=CC(=O)CCC1(C)C2CCC34C,-5.27
326,ESOL,CC(=O)Nc1ccc(Cl)cc1,-2.843
327,ESOL,COC(=O)C=C,-0.22
328,ESOL,c1c(O)C2C(=O)C3cc(O)ccC3OC2cc1(OC),-2.943
329,ESOL,Brc1cccc(Br)c1,-3.54
330,ESOL,Cc1ccc2ccccc2c1,-3.77
331,ESOL,Clc1ccccc1N(=O)=O,-2.55
332,ESOL,COc1ccccc1OCC(O)COC(N)=O,-0.985
333,ESOL,Oc1ccc(C=O)cc1,-0.96
334,ESOL,CCCCCOC(=O)C,-1.89
335,ESOL,CNC(=O)Oc1ccccc1C2OCCO2,-1.57
336,ESOL,CC(C)C(Nc1ccc(cc1Cl)C(F)(F)F)C(=O)OC(C#N)c2cccc(Oc3ccccc3)c2,-8.003
337,ESOL,OC(Cn1cncn1)(Cn2cncn2)c3ccc(F)cc3F ,-1.8
338,ESOL,CCOC(=O)C,-0.04
339,ESOL,CCCCCCCCCCCCCCCC,-8.4
340,ESOL,ClC(=C(Cl)Cl)Cl,-2.54
341,ESOL,CCCC1COC(Cn2cncn2)(O1)c3ccc(Cl)cc3Cl,-3.4930000000000003
342,ESOL,CO,1.57
343,ESOL,C1CCCCC1,-3.1
344,ESOL,Oc2ccc1CCCCc1c2 ,-1.99
345,ESOL,CCCC(C)CO,-1.11
346,ESOL,COc1ccccc1O ,-1.96
347,ESOL,CCC=O,0.58
348,ESOL,CC(C)OC(C)C,-1.1
349,ESOL,CCC(C)(C)C,-3.55
351,ESOL,CC(C)CBr,-2.43
352,ESOL,ClCC(C)C,-2.0
353,ESOL,COc2c1occc1c(OC)c3c(=O)cc(C)oc23 ,-3.0210000000000004
354,ESOL,CCc1ccccn1,0.51
355,ESOL,CCCCCc1ccccc1,-4.64
356,ESOL,CN(C)C(=O)Oc1cc(C)nn1c2ccccc2,-2.09
357,ESOL,CCO,1.1
358,ESOL,O(c1ccccc1)c2ccccc2,-3.96
359,ESOL,OC1CCCCC1,-0.44
360,ESOL,Oc1ccc(Br)cc1,-1.09
361,ESOL,CCC(C)O,0.47
362,ESOL,CC/C=C\C,-2.54
364,ESOL,CNc2cnn(c1cccc(c1)C(F)(F)F)c(=O)c2Cl,-4.046
365,ESOL,CCOC(=O)NCCOc2ccc(Oc1ccccc1)cc2,-4.7
366,ESOL,CC(C)=CCCC(C)=CC(=O),-2.06
367,ESOL,CCc1ccc(CC)cc1,-3.75
369,ESOL,CCOC(=O)c1cncn1C(C)c2ccccc2,-4.735
370,ESOL,CCN(Cc1c(F)cccc1Cl)c2c(cc(cc2N(=O)=O)C(F)(F)F)N(=O)=O,-6.78
371,ESOL,Oc1c(Cl)cc(Cl)c(Cl)c1Cl,-3.1
373,ESOL,CCCC(C)O,-0.29
374,ESOL,COC(=O)c1ccccc1,-1.85
376,ESOL,CCC(C)(C)CC,-4.23
378,ESOL,CC(C)C=C,-2.73
380,ESOL,CC/C=C/C,-2.54
381,ESOL,Cc1cc(C)c(C)c(C)c1C,-4.0
383,ESOL,CC(C)C(C)(C)C,-4.36
384,ESOL,CC12CC(=O)C3C(CCC4=CC(=O)CCC34C)C2CCC1(O)C(=O)CO,-3.11
385,ESOL,O=C3CN=C(c1ccccc1)c2cc(ccc2N3)N(=O)=O,-3.796
387,ESOL,c1cc2ccc(OC)c(CC=C(C)(C))c2oc1=O ,-4.314
389,ESOL,CCN(CC)c1nc(Cl)nc(n1)N(CC)CC,-4.4110000000000005
390,ESOL,NS(=O)(=O)c3cc2c(NC(Cc1ccccc1)NS2(=O)=O)cc3C(F)(F)F,-3.59
391,ESOL,Oc1ccc(Cl)cc1Cc2cc(Cl)ccc2O,-3.953
392,ESOL,CC1(C)C2CCC1(C)C(O)C2,-2.32
393,ESOL,c2ccc1[nH]ccc1c2,-1.52
394,ESOL,Cc1ccc(cc1)c2ccccc2,-4.62
397,ESOL,OCC1OC(O)(CO)C(O)C1O,0.64
398,ESOL,NS(=O)(=O)c2cc1c(N=CNS1(=O)=O)cc2Cl ,-3.05
399,ESOL,Clc1ccccc1c2ccccc2,-4.54
400,ESOL,Cc1cc(=O)n(c2ccccc2)n1C,0.715
401,ESOL,O=C1CCCN1,1.07
402,ESOL,Oc1ccc(O)cc1,-0.17
404,ESOL,CCC(=C(CC)c1ccc(O)cc1)c2ccc(O)cc2 ,-4.07
405,ESOL,O=C2NC(=O)C1(CCCCCCC1)C(=O)N2,-2.982
406,ESOL,O=C1N(COC(=O)CCC)C(=O)C(N1)(c2ccccc2)c3ccccc3,-5.0710000000000015
407,ESOL,CNC(=O)Oc1cccc2ccccc12,-3.224
408,ESOL,CC(=O)OC3(C)CCC4C2CCC1=CC(=O)CCC1(C)C2CCC34C ,-5.284
409,ESOL,Oc1c(Cl)cc(Cl)cc1Cl,-2.34
410,ESOL,CCOc1ccccc1,-2.33
411,ESOL,CC(C)Cl,-1.41
412,ESOL,ClC(Cl)C(Cl)Cl,-1.74
413,ESOL,O=C(Cn1ccnc1N(=O)=O)NCc2ccccc2,-2.81
414,ESOL,Oc2cc(O)c1C(=O)CC(Oc1c2)c3ccc(O)c(O)c3,-3.62
415,ESOL,c2ccc1[nH]ncc1c2 ,-2.16
416,ESOL,Cc1cccc(N)c1,-0.85
418,ESOL,ClC=C(Cl)Cl,-1.96
421,ESOL,Cc1c[nH]c(=O)[nH]c1=O ,-1.506
422,ESOL,CC(C)OC(=O)C,-0.55
424,ESOL,CCCCc1c(C)nc(NCC)nc1OS(=O)(=O)N(C)C ,-4.16
425,ESOL,C1CCC=CCC1,-3.18
426,ESOL,COc1nc(NC(C)C)nc(NC(C)C)n1,-2.478
427,ESOL,CC(C)I,-2.09
430,ESOL,C=CC=C,-1.87
431,ESOL,Cc1ccc(cc1)N(=O)=O,-2.49
432,ESOL,CC(C)C(=O)C,-0.12
433,ESOL,CC1(C)C(C(=O)OC(C#N)c2cccc(Oc3ccccc3)c2)C1(C)C,-6.025
435,ESOL,COc1ccccc1O,-1.96
436,ESOL,C1Cc2ccccc2C1,-3.04
437,ESOL,Cc1ccc2cc3ccccc3cc2c1,-6.96
438,ESOL,O=C2NC(=O)C1(CCCCC1)C(=O)N2,-3.06
439,ESOL,CC(=C)C1CC=C(C)C(=O)C1,-2.06
440,ESOL,COc2ncc1nccnc1n2,-1.11
441,ESOL,Oc1cccc(Cl)c1Cl,-1.3
442,ESOL,CN(C)C(=O)Nc1cccc(c1)C(F)(F)F,-3.43
443,ESOL,ClCc1ccccc1,-2.39
444,ESOL,C1C(O)CCC2(C)CC3CCC4(C)C5(C)CC6OCC(C)CC6OC5CC4C3C=C21,-7.32
445,ESOL,NS(=O)(=O)c1cc(ccc1Cl)C2(O)NC(=O)c3ccccc23,-3.451
446,ESOL,CNC(=O)Oc1cccc2CC(C)(C)Oc12,-2.8
447,ESOL,OCC(O)COC(=O)c1ccccc1Nc2ccnc3cc(Cl)ccc23,-4.5710000000000015
448,ESOL,O2c1ccccc1N(CC)C(=O)c3ccccc23 ,-3.68
449,ESOL,c1c(Cl)cccc1c2ccccc2,-4.88
450,ESOL,C1c2ccccc2c3ccc4ccccc4c13,-6.68
453,ESOL,o1c2ccccc2c3ccccc13,-4.6
454,ESOL,Cc1cccc(c1)N(=O)=O,-2.44
455,ESOL,Cc1cc(no1)C(=O)NNCc2ccccc2,-2.461
456,ESOL,CC(C)C(C(=O)OC(C#N)c1cccc(Oc2ccccc2)c1)c3ccc(OC(F)F)cc3,-6.876
457,ESOL,Fc1ccc(F)cc1,-1.97
458,ESOL,Clc1cccc2ccccc12,-3.93
459,ESOL,CCCCCC(C)O,-1.55
460,ESOL,OCC(NC(=O)C(Cl)Cl)C(O)c1ccc(cc1)N(=O)=O,-2.111
461,ESOL,CCOP(=S)(OCC)Oc1nc(Cl)n(n1)C(C)C,-3.658
462,ESOL,CCN2c1ncccc1N(CC)C(=O)c3cccnc23 ,-2.86
464,ESOL,O=N(=O)c1c(Cl)c(Cl)ccc1,-3.48
466,ESOL,CCc1cccc(CC)c1N(COC)C(=O)CCl ,-3.26
467,ESOL,Cc1cc(C)c2ccccc2c1,-4.29
468,ESOL,CC(C)Cc1ccccc1,-4.12
470,ESOL,CC34CCC1C(CCc2cc(O)ccc12)C3CC(O)C4O ,-4.955
471,ESOL,Cc1ccc(OP(=O)(Oc2cccc(C)c2)Oc3ccccc3C)cc1,-6.01
472,ESOL,CC(=O)OCC(=O)C3(O)C(CC4C2CCC1=CC(=O)C=CC1(C)C2(F)C(O)CC34C)OC(C)=O ,-4.13
473,ESOL,Clc1ccc(CN(C2CCCC2)C(=O)Nc3ccccc3)cc1,-5.915
474,ESOL,CC(=C)C(=C)C,-2.4
475,ESOL,O=C1NC(=O)NC(=O)C1(C(C)CCC)CC=C,-2.356
476,ESOL,COP(=S)(OC)SCC(=O)N(C(C)C)c1ccc(Cl)cc1,-4.432
477,ESOL,Nc1nc[nH]n1,0.522
479,ESOL,Cc3cc2nc1c(=O)[nH]c(=O)nc1n(CC(O)C(O)C(O)CO)c2cc3C,-3.685
480,ESOL,Oc1ccc(c(O)c1)c3oc2cc(O)cc(O)c2c(=O)c3O ,-3.083
482,ESOL,COC=O,0.58
483,ESOL,COc2c1occc1cc3ccc(=O)oc23 ,-3.664
484,ESOL,c1ccccc1C(O)C(O)c2ccccc2,-1.93
485,ESOL,CCNc1nc(NC(C)C)nc(SC)n1,-3.04
486,ESOL,C1=Cc2cccc3cccc1c23,-3.96
487,ESOL,Clc1c(Cl)c(Cl)c(c(Cl)c1Cl)c2c(Cl)c(Cl)c(Cl)c(Cl)c2Cl ,-11.6
488,ESOL,CN(C)C(=S)SSC(=S)N(C)C ,-3.9
489,ESOL,ClCCl,-0.63
491,ESOL,CCCCCC,-3.84
493,ESOL,Clc1cccc(Br)c1,-3.21
494,ESOL,CCOC(=O)N(C)C(=O)CSP(=S)(OCC)OCC,-2.518
495,ESOL,CCOCC,-0.09
498,ESOL,COP(=O)(OC)C(O)C(Cl)(Cl)Cl,-0.22
499,ESOL,Oc1ccc(Cl)c(Cl)c1,-1.25
501,ESOL,Oc1ccccn1,1.02
502,ESOL,CNC(=O)Oc1ccccc1OC(C)C,-2.05
503,ESOL,BrC(Br)(Br)Br,-3.14
504,ESOL,ClC1(C2(Cl)C3(Cl)C4(Cl)C5(Cl)C1(Cl)C3(Cl)Cl)C5(Cl)C(Cl)(Cl)C24Cl,-6.8
505,ESOL,CC5(C)OC4CC3C2CCC1=CC(=O)C=CC1(C)C2(F)C(O)CC3(C)C4(O5)C(=O)CO ,-4.31
506,ESOL,CC12CCC3C(CCC4=CC(=O)CCC34C)C2CCC1O,-4.02
508,ESOL,Fc1c[nH]c(=O)[nH]c1=O ,-1.077
510,ESOL,CCC(=O)CC,-0.28
513,ESOL,Cc1ccc(cc1N(=O)=O)N(=O)=O,-2.82
514,ESOL,Cc1cc(C)cc(C)c1,-3.4
515,ESOL,CC1CC2C3CC(F)C4=CC(=O)C=CC4(C)C3(F)C(O)CC2(C)C1(O)C(=O)CO,-5.613
516,ESOL,OC1C(O)C(O)C(O)C(O)C1O,0.35
518,ESOL,CC(=C)C,-2.33
519,ESOL,N#Cc1ccccc1,-1.0
520,ESOL,Cc1ccc(N)cc1,-1.21
521,ESOL,ClC(Cl)(Cl)N(=O)=O,-2.0
524,ESOL,CCC(=C)C,-2.73
525,ESOL,c1c(OC)c(OC)C2C(=O)OCC2c1,-1.899
526,ESOL,COCC(=O)N(C(C)C(=O)OC)c1c(C)cccc1C ,-1.601
527,ESOL,O=C1NC(=O)NC(=O)C1(CC)CC=C(C)C,-2.253
528,ESOL,CCN(CC)c1ccccc1,-3.03
529,ESOL,CCCCCCCC,-5.24
530,ESOL,CCOP(=S)(CC)Oc1cc(Cl)c(Cl)cc1Cl,-5.752000000000002
531,ESOL,CC1CC(C)C(=O)C(C1)C(O)CC2CC(=O)NC(=O)C2 ,-1.13
532,ESOL,CCC(=O)OC3CCC4C2CCC1=CC(=O)CCC1(C)C2CCC34C ,-5.37
533,ESOL,CN(C)C(=O)SCCCCOc1ccccc1,-3.927
534,ESOL,Oc1ccc(cc1)C2(OC(=O)c3ccccc23)c4ccc(O)cc4 ,-2.9
536,ESOL,COc1ccc(C=CC)cc1,-3.13
537,ESOL,CCC#CCC,-1.99
538,ESOL,Clc2c(Cl)c(Cl)c(c1ccccc1)c(Cl)c2Cl ,-7.92
539,ESOL,CC23Cc1cnoc1C=C2CCC4C3CCC5(C)C4CCC5(O)C#C,-5.5070000000000014
540,ESOL,CSCS(=O)CC(CO)NC(=O)C=Cc1c(C)[nH]c(=O)[nH]c1=O,-1.981
541,ESOL,Brc1ccccc1Br,-3.5
542,ESOL,Cc1c2ccccc2cc3ccccc13,-5.89
544,ESOL,CCCCCCO,-1.24
545,ESOL,CCN2c1ccccc1N(C)C(=O)c3ccccc23 ,-4.749
546,ESOL,CCCCOC,-0.99
547,ESOL,CC(C)Nc1nc(Cl)nc(NC(C)C)n1,-4.43
548,ESOL,OCC1OC(O)C(O)C(O)C1O,0.74
549,ESOL,Cc1cc(=O)[nH]c(=S)[nH]1,-2.436
551,ESOL,CC(Cl)Cl,-1.29
552,ESOL,CCCCC,-3.18
555,ESOL,CCN2c1cc(OC)cc(C)c1NC(=O)c3cccnc23 ,-5.153
557,ESOL,CCCCC(CC)C=O,-2.13
559,ESOL,CC=C(C(=CC)c1ccc(O)cc1)c2ccc(O)cc2,-4.95
560,ESOL,CC=CC=O,0.32
561,ESOL,NC(=O)CCl ,-0.02
563,ESOL,OCC1OC(CO)(OC2OC(COC3OC(CO)C(O)C(O)C3O)C(O)C(O)C2O)C(O)C1O,-0.41
564,ESOL,CC12CCC3C(CCc4cc(O)ccc34)C2CCC1O,-5.03
565,ESOL,NC(N)=NC#N ,-0.31
566,ESOL,COc1ccc(Cl)cc1,-2.78
567,ESOL,COC(=O)C,0.46
568,ESOL,C=CCC=C,-2.09
569,ESOL,CC12CC(O)C3C(CCC4=CC(=O)CCC34C)C2CCC1C(=O)CO,-3.24
570,ESOL,c1(O)cc(O)ccc1CCCCCC,-2.59
571,ESOL,CCC(=O)OC,-0.14
573,ESOL,CCCCCCCC(=O)OC,-3.17
574,ESOL,Oc1cccc2ccccc12,-2.22
576,ESOL,c1(O)c(C)ccc(C(C)C)c1,-2.08
577,ESOL,CC(C)c1ccc(C)cc1,-3.77
579,ESOL,OCCOc1ccccc1,-0.7
580,ESOL,c2ccc1ocnc1c2,-1.16
581,ESOL,C#C,0.29
582,ESOL,CN(C)C(=O)Nc1ccc(Cl)c(Cl)c1,-3.8
583,ESOL,NNc1ccccc1,0.07
585,ESOL,Cc1cccc(C)c1C,-3.2
586,ESOL,c1ccc2cc3cc4ccccc4cc3cc2c1,-8.6
587,ESOL,Brc1ccccc1,-2.55
589,ESOL,c1cccc2c3c(C)cc4ccccc4c3ccc12,-6.59
590,ESOL,CCSC(=O)N(CC)C1CCCCC1 ,-3.4
591,ESOL,COP(=S)(OC)Oc1ccc(Sc2ccc(OP(=S)(OC)OC)cc2)cc1,-6.237
592,ESOL,Cc1cc(C)cc(O)c1,-1.4
594,ESOL,Oc1cc(Cl)cc(Cl)c1Cl,-2.67
596,ESOL,O=C1NC(=O)C(N1)(c2ccccc2)c3ccccc3,-4.097
597,ESOL,CCCCCCCCCCO,-3.63
598,ESOL,CCCCCCCCCCCCCCCCCCO,-8.4
600,ESOL,CCCCC(C)CC,-5.16
601,ESOL,CCCBr,-1.73
602,ESOL,CC12CC(O)C3C(CCC4=CC(=O)CCC34C)C2CCC1(O)C(=O)CO,-3.09
603,ESOL,Clc1c(Cl)c(Cl)c(N(=O)=O)c(Cl)c1Cl,-5.82
604,ESOL,Clc1ccc(c(Cl)c1Cl)c2ccc(Cl)c(Cl)c2Cl ,-8.01
605,ESOL,CCNc1nc(NC(C)(C)C)nc(SC)n1,-4.0
607,ESOL,CCC(O)C(C)C,-0.7
608,ESOL,NS(=O)(=O)c2cc1c(NC(NS1(=O)=O)C(Cl)Cl)cc2Cl ,-2.68
611,ESOL,CC1OC(CC(O)C1O)OC2C(O)CC(OC2C)OC8C(O)CC(OC7CCC3(C)C(CCC4C3CCC5(C)C(CCC45O)C6=CC(=O)OC6)C7)OC8C ,-5.292999999999998
612,ESOL,Nc3nc(N)c2nc(c1ccccc1)c(N)nc2n3,-2.404
613,ESOL,CCOP(=S)(OCC)SCSCC,-4.11
614,ESOL,CC(C)N(C(C)C)C(=O)SCC(Cl)=C(Cl)Cl,-4.88
616,ESOL,ClCCCCl,-1.62
619,ESOL,Nc2cnn(c1ccccc1)c(=O)c2Cl,-2.878
620,ESOL,CCN(CC)C(=O)C(=CCOP(=O)(OC)OC)Cl,0.523
621,ESOL,Cn2c(=O)on(c1ccc(Cl)c(Cl)c1)c2=O,-2.82
622,ESOL,CCOC(=O)c1ccccc1,-2.32
625,ESOL,CCCCCC(=O)C,-1.45
627,ESOL,Clc1ccc(Cl)c(c1)c2cccc(Cl)c2Cl ,-6.47
631,ESOL,C1CCC=CC1,-2.59
633,ESOL,CCC(C)CC,-3.68
634,ESOL,CCCCCCCCCCCC(=O)OC,-4.69
636,ESOL,CNC(=O)ON=C(CSC)C(C)(C)C ,-1.62
638,ESOL,CCCOC=O,-0.49
640,ESOL,CN(C=Nc1ccc(C)cc1C)C=Nc2ccc(C)cc2C,-5.47
641,ESOL,CCC(C(CC)c1ccc(O)cc1)c2ccc(O)cc2,-4.43
642,ESOL,CC1=C(CCCO1)C(=O)Nc2ccccc2 ,-2.56
643,ESOL,CCOP(=S)(OCC)Oc1ccc(cc1)S(C)=O ,-2.3
644,ESOL,O2c1ccccc1N(C)C(=O)c3cccnc23 ,-3.672
646,ESOL,OC(CC(c1ccccc1)c3c(O)c2ccccc2oc3=O)c4ccc(cc4)c5ccc(Br)cc5 ,-4.445
648,ESOL,CC(C)CC(C)C,-4.26
650,ESOL,CCC1(CC)C(=O)NC(=O)N(C)C1=O ,-2.23
651,ESOL,CCC2NC(=O)c1cc(c(Cl)cc1N2)S(N)(=O)=O,-3.29
652,ESOL,CN(C)c1nc(nc(n1)N(C)C)N(C)C,-3.364
654,ESOL,CC(C)SC(C)C,-2.24
655,ESOL,Cc2c(N)c(=O)n(c1ccccc1)n2C,-0.624
656,ESOL,O=Cc1ccccc1,-1.19
658,ESOL,CC(=O)N(S(=O)c1ccc(N)cc1)c2onc(C)c2C ,-3.59
660,ESOL,CCCC(C)C,-3.74
662,ESOL,CCOP(=S)(OCC)SCn1c(=O)oc2cc(Cl)ccc12,-5.233
663,ESOL,CC34CCc1c(ccc2cc(O)ccc12)C3CCC4=O,-5.24
667,ESOL,c1ccc2c3c(ccc2c1)c4cccc5cccc3c45,-8.0
669,ESOL,CC2(C)C1CCC(C)(C1)C2=O,-1.85
672,ESOL,CC34CC(=O)C1C(CCC2=CC(=O)CCC12C)C3CCC4(=O) ,-3.48
673,ESOL,O=C1N(COC(=O)CCCCCCC)C(=O)C(N1)(c2ccccc2)c3ccccc3,-6.523
674,ESOL,CCC(C)C(=O)C,-0.67
676,ESOL,c2ccc1NCCc1c2 ,-1.04
677,ESOL,CCSCCSP(=S)(OC)OC,-3.091
678,ESOL,CCCCC(=O)C,-0.8
679,ESOL,Fc1ccccc1,-1.8
680,ESOL,CCCCCCBr,-3.81
681,ESOL,CCN2c1nc(C)cc(C)c1NC(=O)c3cccnc23 ,-4.553999999999999
683,ESOL,Brc1cc(Br)cc(Br)c1,-5.6
684,ESOL,Nc3cc2c1ccccc1ccc2c4ccccc34 ,-6.2
685,ESOL,Clc1cc(Cl)c(cc1Cl)c2cc(Cl)c(Cl)cc2Cl ,-8.56
686,ESOL,CC34CC(O)C1(F)C(CCC2=CC(=O)C=CC12C)C3CC(O)C4(O)C(=O)CO,-3.68
687,ESOL,CCCCCC(C)C,-5.08
688,ESOL,Clc1ccc(c(Cl)c1Cl)c2c(Cl)cc(Cl)c(Cl)c2Cl ,-7.66
689,ESOL,Cc1c2ccccc2c(C)c3ccc4ccccc4c13,-7.02
691,ESOL,CN(C)C=Nc1ccc(Cl)cc1C,-2.86
692,ESOL,CCNP(=S)(OC)OC(=CC(=O)OC(C)C)C,-3.408
693,ESOL,c3ccc2nc1ccccc1cc2c3,-3.67
694,ESOL,CC(C)CCOC=O,-1.52
695,ESOL,Clc1cccc(Cl)c1c2ccccc2 ,-5.21
696,ESOL,COc1ncnc2nccnc12 ,-1.11
698,ESOL,CCCc1ccccc1,-3.37
699,ESOL,CC(C)CCOC(=O)C,-1.92
700,ESOL,ClCC(Cl)Cl,-1.48
701,ESOL,O=C1NC(=O)NC(=O)C1(C(C)C)CC=C(C)C,-2.593
702,ESOL,ClCCCl,-1.06
703,ESOL,Fc1cccc(F)c1C(=O)NC(=O)Nc2ccc(Cl)cc2,-6.02
705,ESOL,Cc1ccccc1Br,-2.23
706,ESOL,COc1cc(cc(OC)c1O)C6C2C(COC2=O)C(OC4OC3COC(C)OC3C(O)C4O)c7cc5OCOc5cc67,-3.571
707,ESOL,Oc2ccc1ncccc1c2 ,-2.16
708,ESOL,CCOC(=O)CC(=O)OCC,-0.82
709,ESOL,Clc1ccc(cc1)c2cccc(Cl)c2Cl ,-6.29
710,ESOL,COc1ccccc1,-1.85
711,ESOL,CCC(C)(C)Cl,-2.51
713,ESOL,Cn2c(=O)n(C)c1ncn(CC(O)CO)c1c2=O,-0.17
715,ESOL,CCCC(C)(C)CO,-1.52
717,ESOL,Oc1ccc(Cl)cc1,-0.7
718,ESOL,CC(C)CC(C)(C)C,-4.74
722,ESOL,CC34CC(O)C1(F)C(CCC2=CC(=O)CCC12C)C3CCC4(O)C(=O)CO ,-3.43
723,ESOL,N(=Nc1ccccc1)c2ccccc2,-4.45
724,ESOL,CCI,-1.6
725,ESOL,CCCCCCCCCC(=O)OCC,-4.1
727,ESOL,COc1ccc(cc1)C(c2ccc(OC)cc2)C(Cl)(Cl)Cl,-6.89
729,ESOL,OCC2OC(Oc1ccccc1CO)C(O)C(O)C2O,-0.85
730,ESOL,CCOP(=S)(OCC)ON=C(C#N)c1ccccc1,-4.862
731,ESOL,CC34CCC1C(CC=C2CC(O)CCC12C)C3CCC4=O,-4.12
732,ESOL,CCC(C)(O)CC,-0.36
733,ESOL,CCCCOC(=O)CCCCCCCCC(=O)OCCCC,-3.896
734,ESOL,c1cc(O)c(O)c2OCC3(O)CC4=CC(=O)C(O)=CC4=C3c21,-2.7
735,ESOL,CCCC(=O)CC,-0.83
738,ESOL,Cc3ccnc4N(C1CC1)c2ncccc2C(=O)Nc34 ,-3.19
740,ESOL,Oc1cccc2ncccc12 ,-2.54
744,ESOL,C1Cc2c3c1cccc3cc4c2ccc5ccccc54,-7.85
745,ESOL,CN(C)C(=O)Nc1ccc(C)c(Cl)c1,-3.483
747,ESOL,C/C1CCCCC1\C,-4.3
748,ESOL,CC#C,-0.41
750,ESOL,Cc1cncc(C)c1,0.38
751,ESOL,O=c2[nH]c1CCCc1c(=O)n2C3CCCCC3,-4.593999999999999
752,ESOL,Clc1ccc(Cl)c(c1)c2c(Cl)c(Cl)cc(Cl)c2Cl ,-7.42
753,ESOL,CNC(=O)Oc1cc(C)cc(C)c1,-2.5810000000000004
755,ESOL,C/C1CCC(\C)CC1,-4.47
756,ESOL,CCCC(=O)OC,-1.92
757,ESOL,CCCCCCCC(=O)OCC,-3.39
758,ESOL,NC(=S)N,0.32
759,ESOL,OCc1ccccc1,-0.4
760,ESOL,Brc1cc(Br)c(Br)cc1Br,-6.98
762,ESOL,Clc1cccc(I)c1,-3.55
763,ESOL,Cc1ccc2cc(C)ccc2c1,-4.89
764,ESOL,CCOC(=O)N,0.85
768,ESOL,Clc2ccc1oc(=O)[nH]c1c2,-2.8310000000000004
769,ESOL,CC1=C(C(=O)Nc2ccccc2)S(=O)(=O)CCO1,-2.281
770,ESOL,CCOC(=O)CCN(SN(C)C(=O)Oc1cccc2CC(C)(C)Oc21)C(C)C,-4.71
772,ESOL,CC(C)N(C(=O)CCl)c1ccccc1 ,-2.48
773,ESOL,CCCCCCCI,-4.81
780,ESOL,Cc1cc(C)c(O)c(C)c1,-2.05
782,ESOL,c2ccc1nc(ccc1c2)c4ccc3ccccc3n4 ,-5.4
783,ESOL,COC(C)(C)C,-0.24
784,ESOL,CCOP(=S)(OCC)SCSc1ccc(Cl)cc1,-5.7360000000000015
785,ESOL,c1ccncc1,0.76
787,ESOL,OCC(O)C(O)C(O)C(O)CO ,0.06
788,ESOL,C2c1ccccc1N(CCF)C(=O)c3ccccc23 ,-4.799
790,ESOL,CC(C)CC(C)O,-0.8
791,ESOL,c1(C#N)c(Cl)c(C#N)c(Cl)c(Cl)c(Cl)1,-5.64
793,ESOL,Clc1cc(Cl)c(Cl)c(c1Cl)c2c(Cl)c(Cl)cc(Cl)c2Cl ,-9.15
794,ESOL,Sc1nccc(=O)[nH]1 ,-2.273
795,ESOL,CC(C)c1ccccc1C,-3.76
796,ESOL,CC(=O)OCC(=O)C1(O)CCC2C3CCC4=CC(=O)CCC4(C)C3C(O)CC21C,-4.88
797,ESOL,CCOC(C)OCC,-0.43
799,ESOL,CCC(Br)(CC)C(=O)NC(N)=O,-2.68
802,ESOL,ClC1CC2C(C1Cl)C3(Cl)C(=C(Cl)C2(Cl)C3(Cl)Cl)Cl,-6.86
803,ESOL,c1ccccc1NC(=O)c2c(O)cccc2,-3.59
804,ESOL,CC1(C)C(C=C(Br)Br)C1C(=O)OC(C#N)c2cccc(Oc3ccccc3)c2,-8.402000000000001
806,ESOL,CC(C)C(O)C(C)C,-1.22
809,ESOL,CC(C)=CCC/C(C)=C\CO,-2.46
810,ESOL,COc2cnc1cncnc1n2,-0.91
811,ESOL,OCC1OC(C(O)C1O)n2cnc3c(O)ncnc23,-1.23
812,ESOL,CCCCC(C)(O)CC,-1.6
813,ESOL,Clc1ccc(cc1)c2ccc(Cl)cc2 ,-6.56
815,ESOL,CCCCCCCCC=C,-5.51
817,ESOL,CC13CCC(=O)C=C1CCC4C2CCC(C(=O)CO)C2(CC(O)C34)C=O ,-3.85
818,ESOL,O=C1N(COC(=O)CCCCC)C(=O)C(N1)(c2ccccc2)c3ccccc3,-5.886
819,ESOL,CN(C)c2c(C)n(C)n(c1ccccc1)c2=O ,-0.364
820,ESOL,c1ccc(cc1)c2ccc(cc2)c3ccccc3,-7.11
821,ESOL,C(c1ccccc1)c2ccccc2,-4.08
823,ESOL,C1CCCCCC1,-3.51
824,ESOL,CC12CCC(=O)C=C1CCC3C2CCC4(C)C3CCC4(O)C#C ,-5.66
826,ESOL,CC(C)N(=O)=O,-0.62
827,ESOL,CCNc1ccccc1,-1.7
828,ESOL,c1ccccc1,-1.64
829,ESOL,CC34CCC1C(CCC2=CC(=O)CCC12O)C3CCC4(O)C#C,-4.57
830,ESOL,COP(=O)(NC(C)=O)SC ,0.54
831,ESOL,CCOC=O,0.15
832,ESOL,COP(=S)(OC)Oc1cc(Cl)c(Br)cc1Cl,-6.09
833,ESOL,CCCC/C=C/C,-3.82
834,ESOL,Nc1cc[nH]c(=O)n1 ,-1.155
836,ESOL,Nc2nc1[nH]cnc1c(=O)[nH]2 ,-3.583
837,ESOL,Nc1ccc(cc1)S(=O)(=O)c2ccc(N)cc2,-3.094
838,ESOL,CCN2c1ncccc1N(C)C(=O)c3cccnc23 ,-2.62
839,ESOL,CON(C)C(=O)Nc1ccc(Cl)cc1,-2.57
840,ESOL,c1cC2C(=O)NC(=O)C2cc1,-2.932
843,ESOL,CC(C)(C)C(=O)C(Oc1ccc(Cl)cc1)n2cncn2,-3.61
844,ESOL,CCCCCCc1ccccc1,-5.21
845,ESOL,CCCCCCCCOC(=O)c1ccccc1C(=O)OCCCCCCCC ,-5.115
846,ESOL,CC(=O)Nc1ccc(Br)cc1,-3.083
848,ESOL,Cc1ccc(cc1)S(=O)(=O)N,-1.74
849,ESOL,ClC(Cl)Cl,-1.17
850,ESOL,OC(Cn1cncn1)(c2ccc(F)cc2)c3ccccc3F,-3.37
852,ESOL,CC(=O)C3CCC4C2CC=C1CC(O)CCC1(C)C2CCC34C ,-4.65
853,ESOL,O=C1NC(=O)NC(=O)C1(C)CC,-1.228
854,ESOL,OCC3OC(OCC2OC(OC(C#N)c1ccccc1)C(O)C(O)C2O)C(O)C(O)C3O ,-0.77
855,ESOL,c1ccc2cc3c4cccc5cccc(c3cc2c1)c45,-8.49
858,ESOL,c1(OC)ccc(CC=C)cc1,-2.92
859,ESOL,CC(=O)CC(c1ccccc1)c3c(O)c2ccccc2oc3=O ,-3.893
860,ESOL,Clc1cc(Cl)c(Cl)cc1Cl,-5.56
862,ESOL,CCOC(=O)c1ccc(N)cc1,-2.616
863,ESOL,c1ccc2c(c1)cc3ccc4cccc5ccc2c3c45,-8.699
864,ESOL,Brc1ccc2ccccc2c1,-4.4
865,ESOL,Cc2ncc1nccnc1n2,-0.12
868,ESOL,CCCCO,0.0
870,ESOL,CC(=C)C=C,-2.03
871,ESOL,CC1CO1,-0.59
872,ESOL,CCSC(=O)N(CC(C)C)CC(C)C,-3.68
875,ESOL,CCCCCCC(=O)C,-2.05
876,ESOL,C=C,-0.4
877,ESOL,CCCC(=C)C,-3.03
878,ESOL,NC(=O)c1ccccc1O,-1.82
879,ESOL,Clc1cccc(n1)C(Cl)(Cl)Cl,-3.76
880,ESOL,Nc1ccccc1,-0.41
881,ESOL,Oc1cc(Cl)c(Cl)cc1Cl,-2.21
882,ESOL,c1ccccc1SC,-2.39
884,ESOL,CC(=O)OC3CCC4C2CCC1=CC(=O)CCC1(C)C2CCC34C ,-5.184
885,ESOL,CCOP(=S)(OCC)SCCSCC,-4.23
887,ESOL,CCNC(=S)NCC,-1.46
888,ESOL,O=N(=O)c1ccccc1N(=O)=O,-3.1
889,ESOL,ClCCBr,-1.32
891,ESOL,COP(=S)(OC)Oc1ccc(N(=O)=O)c(C)c1,-4.04
893,ESOL,CC34CCC1C(CCC2CC(O)CCC12C)C3CCC4=O,-4.16
895,ESOL,CC12CC2(C)C(=O)N(C1=O)c3cc(Cl)cc(Cl)c3,-4.8
896,ESOL,ClC2=C(Cl)C3(Cl)C1C=CCC1C2(Cl)C3(Cl)Cl ,-5.64
897,ESOL,OCC(O)CO,1.12
898,ESOL,CCCCCCCCO,-2.39
899,ESOL,CN(C)C(=O)Nc2ccc(Oc1ccc(Cl)cc1)cc2,-4.89
900,ESOL,O=C1NCCN1c2ncc(s2)N(=O)=O,-3.22
901,ESOL,CCCC=O,-0.01
902,ESOL,Cn1cnc2n(C)c(=O)[nH]c(=O)c12 ,-2.523
903,ESOL,CCSCc1ccccc1OC(=O)NC ,-2.09
905,ESOL,CCCCBr,-2.37
906,ESOL,O=c1cc[nH]c(=O)[nH]1 ,-1.4880000000000002
907,ESOL,CC3C2CCC1(C)C=CC(=O)C(=C1C2OC3=O)C,-3.09
909,ESOL,CCC(C)C1(CC(Br)=C)C(=O)NC(=O)NC1=O ,-2.647
910,ESOL,Cc1ccc(Cl)cc1,-3.08
913,ESOL,CCOCCOCC,-0.77
915,ESOL,ClCCC#N ,-0.29
916,ESOL,Nc1ccc(cc1)c2ccc(N)cc2,-2.7
917,ESOL,CC(C)COC=O,-1.01
919,ESOL,FC(F)(Cl)C(F)(F)Cl,-2.74
921,ESOL,Clc1ccccc1Br,-3.19
922,ESOL,CC(C)(C)c1ccccc1,-3.66
925,ESOL,Brc1cccc2ccccc12,-4.35
930,ESOL,CCCCCCCCCCCCCCCO,-6.35
931,ESOL,CCCC1CCCC1,-4.74
932,ESOL,CCOP(=S)(OCC)SC(CCl)N1C(=O)c2ccccc2C1=O,-6.34
933,ESOL,CC(=O)C1CCC2C3CCC4=CC(=O)CCC4(C)C3CCC12C,-4.42
935,ESOL,Clc1cccc(Cl)c1Cl,-4.0
936,ESOL,CC(C)COC(=O)C,-1.21
939,ESOL,CCN(CC(C)=C)c1c(cc(cc1N(=O)=O)C(F)(F)F)N(=O)=O,-6.124
941,ESOL,CC(C)c1ccc(NC(=O)N(C)C)cc1,-3.536
942,ESOL,CCCCC(=O)OC3(C(C)CC4C2CCC1=CC(=O)C=CC1(C)C2(F)C(O)CC34C)C(=O)CO,-4.71
944,ESOL,CCCC(C)(C)C,-4.36
945,ESOL,CC(C)CC(C)(C)O,-0.92
948,ESOL,CN(C)C(=O)Nc1cccc(OC(=O)NC(C)(C)C)c1 ,-2.93
949,ESOL,Cc1cccc2c(C)cccc12,-4.678999999999999
951,ESOL,COc1ccccc1N(=O)=O,-1.96
952,ESOL,CC(=O)Nc1ccccc1,-1.33
953,ESOL,Oc1ccc(cc1)c2ccccc2,-3.48
954,ESOL,CCC1(C(=O)NC(=O)NC1=O)C2=CCC3CCC2C3,-2.696
956,ESOL,ClC4=C(Cl)C5(Cl)C3C1CC(C2OC12)C3C4(Cl)C5(Cl)Cl,-6.29
960,ESOL,CCOP(=S)(OCC)Oc1ccc(cc1)N(=O)=O,-4.66
961,ESOL,NC(=O)c1ccccc1,-0.96
962,ESOL,O=C1N(COC(=O)CCCC)C(=O)C(N1)(c2ccccc2)c3ccccc3,-4.678
966,ESOL,CC(=O)OCC(=O)C3CCC4C2CCC1=CC(=O)CCC1(C)C2CCC34C ,-4.63
967,ESOL,CCCCCC=O,-1.3
971,ESOL,Oc1ccccc1N(=O)=O,-1.74
972,ESOL,CC2Nc1cc(Cl)c(cc1C(=O)N2c3ccccc3C)S(N)(=O)=O ,-3.78
973,ESOL,CCC(O)CC,-0.24
978,ESOL,Clc1ccc(cc1)c2cc(Cl)ccc2Cl ,-6.25
980,ESOL,CCCCCCCCCCCCO,-4.8
981,ESOL,CC12CCC3C(CCC4=CC(=O)CCC34C)C2CCC1C(=O)CO,-3.45
983,ESOL,Cc1ccc(C)cc1,-2.77
984,ESOL,CCCCCCCCCCCCCCO,-5.84
985,ESOL,c1ccc2c(c1)sc3ccccc23,-4.38
987,ESOL,COP(=O)(OC)OC(=CCl)c1cc(Cl)c(Cl)cc1Cl,-4.522
989,ESOL,Oc1cccc(Cl)c1,-0.7
990,ESOL,CCCC(C)(COC(N)=O)COC(N)=O ,-1.807
991,ESOL,CS(=O)(=O)c1ccc(cc1)C(O)C(CO)NC(=O)C(Cl)Cl ,-2.154
992,ESOL,CCC(C)(C)O,0.15
995,ESOL,O=N(=O)c1cc(Cl)c(Cl)cc1,-3.2
999,ESOL,FC(F)(F)C(Cl)Br ,-1.71
1001,ESOL,CCC(C)Cl,-1.96
1003,ESOL,Clc1ccc(cc1)c2c(Cl)cccc2Cl ,-6.14
1005,ESOL,Clc1cc(Cl)c(c(Cl)c1)c2c(Cl)cc(Cl)cc2Cl ,-8.71
1006,ESOL,CCS,-0.6
1007,ESOL,CCCCCCC=C,-4.44
1009,ESOL,CCC(C)CO,-0.47
1012,ESOL,CCCCC(CC)COC(=O)c1ccccc1C(=O)OCC(CC)CCCC,-6.96
1013,ESOL,c1c(NC(=O)OC(C)C(=O)NCC)cccc1,-1.83
1014,ESOL,CCCOC(=O)c1ccc(N)cc1,-2.452
1015,ESOL,CCN(=O)=O,-0.22
1016,ESOL,ClC1C(Cl)C(Cl)C(Cl)C(Cl)C1Cl,-4.64
1017,ESOL,Clc1cccc(c1)N(=O)=O,-2.77
1019,ESOL,CCCCC(=O)OCC,-2.25
1020,ESOL,CCc1ccccc1CC,-3.28
1023,ESOL,CCOP(=S)(OCC)Oc2ccc1oc(=O)c(Cl)c(C)c1c2,-5.3820000000000014
1025,ESOL,Nc1cccc(c1)N(=O)=O,-2.19
1031,ESOL,Clc2ccc(Oc1ccc(cc1)N(=O)=O)c(Cl)c2,-5.46
1035,ESOL,ClCC#N,-0.092
1036,ESOL,CCCN(CCC)c1c(cc(cc1N(=O)=O)C(C)C)N(=O)=O,-6.49
1038,ESOL,c1ccccc1(OC(=O)NC),-1.803
1041,ESOL,Cc3nnc4CN=C(c1ccccc1Cl)c2cc(Cl)ccc2n34,-4.09
1043,ESOL,ClC(Br)Br,-1.9
1044,ESOL,COP(=S)(OC)Oc1ccc(cc1Cl)N(=O)=O,-4.31
1045,ESOL,c1ccc2c(c1)[nH]c3ccccc32,-5.27
1048,ESOL,Oc1ccncc1,1.02
1050,ESOL,CCCCCCCl,-3.12
1051,ESOL,Fc1cccc(Br)c1,-2.67
1052,ESOL,CC(C)OC=O,-0.63
1054,ESOL,c1c(NC(=O)c2ccccc2(I))cccc1,-4.21
1055,ESOL,Cc1cc2c3ccccc3ccc2c4ccccc14,-6.57
1056,ESOL,CCC1(C(=O)NCNC1=O)c2ccccc2,-2.64
1058,ESOL,CCCCC(=O)OC,-1.34
1059,ESOL,CCN2c1ccccc1N(C)C(=O)c3cccnc23 ,-3.324
1065,ESOL,CCCCC=O,-0.85
1066,ESOL,CC45CCC2C(CCC3CC1SC1CC23C)C4CCC5O,-5.41
1068,ESOL,CCCCCCCCCCCCCCCCCCCCCCCCCC,-8.334
1069,ESOL,CCCCC(O)CC,-1.47
1070,ESOL,O=C1NC(=O)NC(=O)C1(C)C,-1.742
1071,ESOL,CCCC1C(=O)N3N(C1=O)c2cc(C)ccc2N=C3N(C)C ,-3.5380000000000003
1073,ESOL,c1cc2ccc3ccc4ccc5ccc6ccc1c7c2c3c4c5c67,-9.332
1074,ESOL,NC(=O)NCc1ccccc1 ,-0.95
1075,ESOL,ClCBr,-0.89
1077,ESOL,CC(C)C,-2.55
1078,ESOL,CCCI,-2.29
1080,ESOL,ClC(Cl)C(Cl)(Cl)SN2C(=O)C1CC=CCC1C2=O ,-5.4
1083,ESOL,CN(C)C(=O)Nc1ccc(Cl)cc1,-2.89
1084,ESOL,Cc1ccc2c(ccc3ccccc32)c1,-5.84
1085,ESOL,CCC(C)C(=O)OC2CC(C)C=C3C=CC(C)C(CCC1CC(O)CC(=O)O1)C23 ,-6.005
1086,ESOL,Oc1cc(Cl)c(Cl)c(Cl)c1Cl,-3.15
1087,ESOL,OC1CCCCCC1,-0.88
1090,ESOL,Clc1cccc(c1)c2cc(Cl)ccc2Cl ,-6.01
1091,ESOL,CCOC(=O)CC,-0.66
1092,ESOL,OCC1OC(OC2C(O)C(O)C(O)OC2CO)C(O)C(O)C1O,-0.244
1093,ESOL,CCCCc1ccccc1,-4.06
1099,ESOL,CC(C)(C)CO,-0.4
1100,ESOL,Oc1c(Br)cc(C#N)cc1Br ,-3.33
1101,ESOL,Nc3ccc2cc1ccccc1cc2c3 ,-5.17
1105,ESOL,CN(C)C(=O)N(C)C ,0.94
1107,ESOL,c1ccccc1O,0.0
1108,ESOL,Clc1ccccc1Cl,-3.05
1110,ESOL,COc2cc1c(N)nc(nc1c(OC)c2OC)N3CCN(CC3)C(=O)OCC(C)(C)O ,-3.638
1111,ESOL,BrCCBr,-1.68
1112,ESOL,CC(C)CC(=O)C,-0.74
1115,ESOL,COC(=O)Nc1cccc(OC(=O)Nc2cccc(C)c2)c1,-4.805
1117,ESOL,C1CCC2CCCCC2C1,-5.19
1119,ESOL,CCOC2Oc1ccc(OS(C)(=O)=O)cc1C2(C)C,-3.42
1121,ESOL,Oc1c(I)cc(C#N)cc1I,-3.61
1122,ESOL,O=C1NC(=O)NC(=O)C1(C(C)C)C(C)C,-2.766
1125,ESOL,C=CC=O,0.57
1126,ESOL,Clc1ccc(Br)cc1,-3.63
1128,ESOL,CNC(=O)C=C(C)OP(=O)(OC)OC,0.6509999999999999
1129,ESOL,CCOC(=O)c1ccccc1S(=O)(=O)NN(C=O)c2nc(Cl)cc(OC)n2,-4.5760000000000005
1131,ESOL,CCc1ccc(C)cc1,-3.11
1132,ESOL,Nc1c(C)c[nH]c(=O)n1 ,-1.4580000000000002
1133,ESOL,Clc1cc(Cl)cc(Cl)c1,-4.48
1135,ESOL,CCN(CC)C(=S)SSC(=S)N(CC)CC,-4.86
1136,ESOL,CCCCCC(=O)OC,-1.87
1137,ESOL,Clc1ccc2ccccc2c1,-4.14
1138,ESOL,CCCCCC=C,-3.73
1139,ESOL,Cc1ccccc1Cl,-3.52
1141,ESOL,CCCC(=O)OCC,-1.36
1142,ESOL,C1Cc2cccc3cccc1c23,-4.63
1147,ESOL,O=C2NC(=O)C1(CCCC1)C(=O)N2,-2.349
1148,ESOL,CCSCC,-1.34
1149,ESOL,CCCCOCCO,-0.42
1151,ESOL,O=C1N(COC(=O)CCCCCC)C(=O)C(N1)(c2ccccc2)c3ccccc3,-6.301
1152,ESOL,Fc1cccc(F)c1,-2.0
1154,ESOL,CC(C)OP(=S)(OC(C)C)SCCNS(=O)(=O)c1ccccc1,-4.2
1155,ESOL,O=C(Nc1ccccc1)Nc2ccccc2,-3.15
1156,ESOL,O=C2CN(N=Cc1ccc(o1)N(=O)=O)C(=O)N2 ,-3.38
1158,ESOL,CN(=O)=O,0.26
1159,ESOL,CC1(C)C(C=C(Cl)Cl)C1C(=O)OC(C#N)c2cccc(Oc3ccccc3)c2,-8.017000000000001
1161,ESOL,O=C1NC(=O)c2ccccc12 ,-2.61
1163,ESOL,O=C2NC(=O)C1(CCC1)C(=O)N2,-1.655
1165,ESOL,Oc1cc(Cl)ccc1Oc2ccc(Cl)cc2Cl,-4.46
1173,ESOL,CCCCN(CC)c1c(cc(cc1N(=O)=O)C(F)(F)F)N(=O)=O,-5.53
1174,ESOL,Oc1c(Cl)c(Cl)cc(Cl)c1Cl,-3.37
1175,ESOL,ClC(Cl)C(Cl)(Cl)Cl,-2.6
1177,ESOL,c2ccc1scnc1c2 ,-1.5
1182,ESOL,CC12CCC(O)CC1CCC3C2CCC4(C)C3CCC4=O,-4.402
1185,ESOL,CC12CCC3C(CCc4cc(O)ccc34)C2CCC1=O,-3.955
1187,ESOL,CCN2c1cc(Cl)ccc1NC(=O)c3cccnc23 ,-5.36
1188,ESOL,CCC#N,0.28
1190,ESOL,CCCCc1c(C)nc(nc1O)N(C)C ,-2.24
1191,ESOL,CN1CC(O)N(C1=O)c2nnc(s2)C(C)(C)C,-1.877
1196,ESOL,CCC(O)(CC)CC,-0.85
1197,ESOL,CC(C)C(C)C,-3.65
1198,ESOL,CCCCC(C)(C)O,-1.08
1200,ESOL,O=C1CCCCC1,-0.6
1201,ESOL,CCCN(=O)=O,-0.8
1203,ESOL,CC(=O)SC4CC1=CC(=O)CCC1(C)C5CCC2(C)C(CCC23CCC(=O)O3)C45,-4.173
1204,ESOL,CCCOP(=S)(OCCC)SCC(=O)N1CCCCC1C,-4.15
1205,ESOL,Cc1occc1C(=O)Nc2ccccc2,-3.3
1209,ESOL,CSSC,-1.44
1211,ESOL,c2(Cl)c(Cl)c(Cl)c1nccnc1c2(Cl) ,-5.43
1212,ESOL,CCCCCO,-0.6
1215,ESOL,CCCOC,-0.39
1216,ESOL,O=N(=O)c1cc(cc(c1)N(=O)=O)N(=O)=O,-2.89
1219,ESOL,CCOC(=O)Nc2cccc(OC(=O)Nc1ccccc1)c2 ,-4.632
1220,ESOL,COc1ccccc1Cl,-2.46
1222,ESOL,CCBr,-1.09
1226,ESOL,CCOP(=S)(OCC)N2C(=O)c1ccccc1C2=O,-3.35
1230,ESOL,Cc1cccc(C)c1NC(=O)c2cc(c(Cl)cc2O)S(N)(=O)=O,-3.79
1235,ESOL,Ic1ccccc1,-3.01
1237,ESOL,CCC(C)CCO,-0.71
1238,ESOL,OC4=C(C1CCC(CC1)c2ccc(Cl)cc2)C(=O)c3ccccc3C4=O,-5.931
1239,ESOL,O2c1ccc(N)cc1N(C)C(=O)c3cc(C)ccc23 ,-3.928
1245,ESOL,CCCCSP(=O)(SCCCC)SCCCC,-5.14
1248,ESOL,CC1CCCC1,-3.3
1249,ESOL,Nc1cccc2ccccc12,-1.92
1251,ESOL,Oc1ccc(cc1)N(=O)=O,-0.74
1252,ESOL,Clc1ccc(c(Cl)c1)c2c(Cl)c(Cl)c(Cl)c(Cl)c2Cl,-7.92
1255,ESOL,CCCCNC(=O)n1c(NC(=O)OC)nc2ccccc12,-4.883
1256,ESOL,CCCCCCOC(=O)c1ccccc1C(=O)OCCCCCC,-6.144
1257,ESOL,Oc1ccc2ccccc2c1,-2.28
1263,ESOL,OC1CCCCCCC1,-1.29
1264,ESOL,CCCCCCCO,-1.81
1265,ESOL,Clc1ccccc1c2ccccc2Cl ,-5.27
1266,ESOL,c1ccc2c(c1)ccc3ccccc32,-5.26
1269,ESOL,CC2=CC(=O)c1ccccc1C2=O ,-3.03
1270,ESOL,Clc1ccc(cc1Cl)c2cc(Cl)c(Cl)c(Cl)c2Cl ,-7.82
1272,ESOL,CNC(=O)Oc1ccccc1C(C)C,-2.863
1273,ESOL,CNC(=O)Oc1ccc(N(C)C)c(C)c1,-2.36
1274,ESOL,CC(C)C1CCC(C)CC1O ,-2.53
1278,ESOL,O=C1NC(=O)NC(=O)C1(CC=C)CC=C,-2.077
1281,ESOL,CC(C)C1CCC(C)CC1=O,-2.35
1283,ESOL,O=C1c2ccccc2C(=O)c3ccccc13,-5.19
1286,ESOL,CCOP(=S)(OCC)Oc1nc(Cl)c(Cl)cc1Cl ,-5.67
1288,ESOL,ICI,-2.34
1296,ESOL,Oc2ncc1nccnc1n2,-1.947
1298,ESOL,BrCBr,-1.17
1300,ESOL,Fc1cccc(F)c1C(=O)NC(=O)Nc2cc(Cl)c(F)c(Cl)c2F ,-7.28
1303,ESOL,c1cc2cccc3c4cccc5cccc(c(c1)c23)c54,-8.804
1306,ESOL,CSc1nnc(c(=O)n1N)C(C)(C)C,-2.253
1310,ESOL,Clc1ccccc1,-2.38
1311,ESOL,CC4CC3C2CCC1=CC(=O)C=CC1(C)C2(F)C(O)CC3(C)C4(O)C(=O)COC(C)=O ,-4.9
1312,ESOL,NC(=O)NC1NC(=O)NC1=O ,-1.6
1313,ESOL,ClC(Cl)C(c1ccc(Cl)cc1)c2ccc(Cl)cc2,-7.2
1315,ESOL,CCCCCBr,-3.08
1316,ESOL,CCN2c1ncccc1N(C)C(=S)c3cccnc23 ,-4.634
1317,ESOL,COCOC,0.48
1318,ESOL,CCCCl,-1.47
1321,ESOL,c1ccc2c(c1)c3cccc4cccc2c34,-6.0
1323,ESOL,CCCC(C)C1(CC)C(=O)NC(=S)NC1=O ,-3.36
1324,ESOL,Cc1ccccc1C,-2.8
1325,ESOL,CC(C)N(C(C)C)C(=O)SCC(=CCl)Cl,-4.2860000000000005
1327,ESOL,CCCC#C,-1.64
1328,ESOL,c1ccc2ccccc2c1,-3.6
1331,ESOL,CCCCC1(CC)C(=O)NC(=O)NC1=O,-1.661
1332,ESOL,O=C1NC(=O)NC(=O)C1(CC)C(C)CC,-2.39
1334,ESOL,Cc1cccc2c1Cc3ccccc32,-5.22
1335,ESOL,O=C2NC(=O)C1(CCCCCC1)C(=O)N2 ,-3.168
1341,ESOL,OCC2OC(OC1(CO)OC(CO)C(O)C1O)C(O)C(O)C2O ,0.79
1342,ESOL,OCC(O)C(O)CO,0.7
1344,ESOL,Cn1cnc2n(C)c(=O)n(C)c(=O)c12,-0.8759999999999999
1348,ESOL,Cn1c(=O)n(C)c2nc[nH]c2c1=O,-1.39
1350,ESOL,O=C1NC(=O)NC(=O)C1(CC)CCC(C)C,-2.658
1351,ESOL,Clc1cccc(c1Cl)c2cccc(Cl)c2Cl,-7.28
1358,ESOL,Nc1cccc(Cl)c1,-1.37
1360,ESOL,CCCCS,-2.18
1362,ESOL,ClCC,-1.06
1363,ESOL,CCOC(=O)C=Cc1ccccc1,-3.0
1366,ESOL,CC1CCCO1,0.11
1367,ESOL,O=c1[nH]cnc2nc[nH]c12 ,-2.296
1369,ESOL,COC(C)(C)CCCC(C)CC=CC(C)=CC(=O)OC(C)C,-5.19
1371,ESOL,CBr,-0.79
1376,ESOL,Nc1ccc(Cl)cc1,-1.66
1377,ESOL,Brc1ccc(I)cc1,-4.56
1378,ESOL,O=C1NC(=O)NC(=O)C1(CC)CC=C,-1.614
1379,ESOL,CI,-1.0
1381,ESOL,FC(F)(F)c1ccccc1,-2.51
1382,ESOL,CCNc1nc(Cl)nc(NCC)n1 ,-4.55
1384,ESOL,CN(C(=O)COc1nc2ccccc2s1)c3ccccc3,-4.873
1386,ESOL,C1CCc2ccccc2C1,-4.37
1387,ESOL,Cc1ccccc1O,-0.62
1388,ESOL,Nc1ncnc2n(ccc12)C3OC(CO)C(O)C3O ,-1.95
1391,ESOL,C1CCCC1,-2.64
1392,ESOL,Oc1c(Cl)c(Cl)c(Cl)c(Cl)c1Cl,-4.28
1395,ESOL,Cc1cccc(O)c1,-0.68
1403,ESOL,CCOP(=S)(OCC)SCSP(=S)(OCC)OCC,-5.54
1404,ESOL,O=C(C=CC=Cc2ccc1OCOc1c2)N3CCCCC3,-3.46
1408,ESOL,N(Nc1ccccc1)c2ccccc2 ,-2.92
1410,ESOL,CC12CCC(CC1)C(C)(C)O2 ,-1.64
1412,ESOL,CC=C(C)C,-2.56
1416,ESOL,CCN(CC)C(=S)SCC(Cl)=C,-3.39
1417,ESOL,ClC1(C(=O)C2(Cl)C3(Cl)C14Cl)C5(Cl)C2(Cl)C3(Cl)C(Cl)(Cl)C45Cl,-5.259
1424,ESOL,Nc1ccccc1O,-0.72
1425,ESOL,CCCCc1c(C)nc(NCC)[nH]c1=O,-3.028
1426,ESOL,Clc1ccc(Cl)c(c1)c2c(Cl)c(Cl)c(Cl)c(Cl)c2Cl,-8.94
1428,ESOL,Clc1ccc(Cl)c(Cl)c1,-3.59
1429,ESOL,CCC1(C(C)C)C(=O)NC(=O)NC1=O ,-2.21
1431,ESOL,ClC(Cl)(Cl)C(NC=O)N1C=CN(C=C1)C(NC=O)C(Cl)(Cl)Cl ,-4.19
1432,ESOL,CCCC,-2.57
1434,ESOL,C1CCOC1,0.49
1435,ESOL,CCCCCCCC(C)O,-2.74
1437,ESOL,c1ccsc1,-1.33
1439,ESOL,COC(=O)c1ccccc1OC2OC(COC3OCC(O)C(O)C3O)C(O)C(O)C2O,-0.742
1442,ESOL,Fc1ccccc1Br,-2.7
1443,ESOL,CC(=O)c1ccccc1,-1.28
1448,ESOL,N(c1ccccc1)c2ccccc2,-3.504
1450,ESOL,CCC1(CCC(C)C)C(=O)NC(=O)NC1=O,-2.468
1451,ESOL,Cc1ncc(N(=O)=O)n1CCO,-1.22
1454,ESOL,c2cnc1ncncc1n2,0.02
1455,ESOL,CCC(C)(C)CO,-1.04
1456,ESOL,C1CC=CC1,-2.1
1459,ESOL,COc1ccc(cc1)C(O)(C2CC2)c3cncnc3 ,-2.596
1460,ESOL,CCCCC#C,-2.36
1464,ESOL,CCCN(CCC)c1c(cc(cc1N(=O)=O)S(N)(=O)=O)N(=O)=O,-5.16
1469,ESOL,O=Cc1ccco1,-0.1
1474,ESOL,O=C1CNC(=O)N1 ,-0.4
1477,ESOL,CCC(C)C,-3.18
1479,ESOL,Nc2cccc3nc1ccccc1cc23 ,-4.22
1487,ESOL,C(Cc1ccccc1)c2ccccc2,-4.62
1488,ESOL,Oc1cccc(O)c1,0.81
1490,ESOL,C1C=CCC=C1,-2.06
1493,ESOL,CN(C)C(=O)NC1CCCCCCC1,-2.218
1495,ESOL,CCN(CC)c1c(cc(c(N)c1N(=O)=O)C(F)(F)F)N(=O)=O,-5.47
1498,ESOL,CC1CC2C3CCC(O)(C(=O)C)C3(C)CC(O)C2(F)C4(C)C=CC(=O)C=C14,-4.099
1499,ESOL,c1ccc2c(c1)c3cccc4ccc5cccc2c5c43,-7.8
1508,ESOL,Cn2cc(c1ccccc1)c(=O)c(c2)c3cccc(c3)C(F)(F)F,-4.445
1509,ESOL,CN(C)C(=O)OC1=CC(=O)CC(C)(C)C1 ,-0.85
1516,ESOL,CC(=O)OC3(CCC4C2CCC1=CC(=O)CCC1C2CCC34C)C#C,-4.8
1526,ESOL,Nc1ccccc1Cl,-1.52
1537,ESOL,CC(=O)C(C)(C)C,-0.72
1540,ESOL,Clc1ccc(cc1)c2ccccc2Cl ,-5.28
1545,ESOL,CCC#C,-1.24
1547,ESOL,O=C1NC(=O)C(=O)N1 ,-0.4
1549,ESOL,Cc1ccc(Br)cc1,-3.19
1550,ESOL,CCCCCC(=O)OCC,-2.35
1552,ESOL,ClC(Cl)CC(=O)NC2=C(Cl)C(=O)c1ccccc1C2=O,-5.03
1557,ESOL,CC(C)Oc1cc(c(Cl)cc1Cl)n2nc(oc2=O)C(C)(C)C,-5.6960000000000015
1558,ESOL,CC1=CC(=O)CC(C)(C)C1 ,-1.06
1562,ESOL,c1ccccc1C(O)c2ccccc2,-2.55
1567,ESOL,CCCCCCCCCCCCCCCCCCCC,-8.172
1568,ESOL,O=N(=O)c1ccc(cc1)N(=O)=O,-3.39
1570,ESOL,Nc1ncnc2nc[nH]c12 ,-2.12
1575,ESOL,CC(C)(C)CCO,-0.5
1576,ESOL,COP(=S)(OC)Oc1ccc(SC)c(C)c1,-4.57
1579,ESOL,OC3N=C(c1ccccc1)c2cc(Cl)ccc2NC3=O ,-3.952
1580,ESOL,O=c2c(C3CCCc4ccccc43)c(O)c1ccccc1o2 ,-2.84
1582,ESOL,CC,-1.36
1585,ESOL,CN2C(=O)CN=C(c1ccccc1)c3cc(Cl)ccc23,-3.754
1591,ESOL,BrC(Br)Br,-1.91
1592,ESOL,Cc1c(cccc1N(=O)=O)N(=O)=O,-3.0
1595,ESOL,Cc1ccccc1n3c(C)nc2ccccc2c3=O,-2.925
1597,ESOL,CC1=CCCCC1,-3.27
1605,ESOL,Oc1c(Cl)cccc1Cl,-1.79
1609,ESOL,ClC(Cl)(Cl)C#N,-2.168
1610,ESOL,Cc1cc2ccccc2cc1C,-4.72
1622,ESOL,CCCC(C)(O)CC,-0.98
1625,ESOL,CCCCCCCC#C,-4.24
1627,ESOL,CCC(CC)CO,-1.17
1630,ESOL,C1CCCCCCC1,-4.15
1632,ESOL,CCN2c1nc(Cl)ccc1N(C)C(=O)c3cccnc23 ,-4.114
1640,ESOL,CC(=O)Nc1ccc(O)cc1,-1.03
1644,ESOL,CC1=C(SCCO1)C(=O)Nc2ccccc2,-3.14
1645,ESOL,CON(C)C(=O)Nc1ccc(Cl)c(Cl)c1,-3.592
1656,ESOL,CC(=O)Nc1ccc(cc1)N(=O)=O,-2.692
1661,ESOL,CNC(=O)C(C)SCCSP(=O)(OC)(OC),1.144
1662,ESOL,CCOC(=O)c1ccccc1C(=O)OCC,-2.35
1668,ESOL,CCCCCCCCC(=O)OC,-3.38
1669,ESOL,CC(=O)CCC1C(=O)N(N(C1=O)c2ccccc2)c3ccccc3,-3.27
1671,ESOL,CCCOC(C)C,-1.34
1672,ESOL,O=Cc2ccc1OCOc1c2 ,-1.63
1673,ESOL,ClCC#CCOC(=O)Nc1cccc(Cl)c1,-4.37
1674,ESOL,CCOP(=O)(OCC)OCC,0.43
1675,ESOL,CCNc1nc(NC(C)(C)C)nc(OC)n1,-3.239
1680,ESOL,Nc1nc(=O)[nH]cc1F,-0.972
1682,ESOL,Cc1ccc(O)cc1C,-1.38
1684,ESOL,COC(=O)c1cccnc1 ,-0.46
1693,ESOL,ClC(Cl)(Cl)C(Cl)(Cl)Cl,-3.67
1695,ESOL,Cc1cccc2c1ccc3ccccc32,-5.85
1697,ESOL,CCOP(=S)(NC(C)C)Oc1ccccc1C(=O)OC(C)C,-4.194
1698,ESOL,O=C1N(COC(=O)C)C(=O)C(N1)(c2ccccc2)c3ccccc3,-4.47
1701,ESOL,O=C2NC(=O)C1(CC1)C(=O)N2 ,-1.886
1704,ESOL,FC(F)(F)c1cccc(c1)N2CC(CCl)C(Cl)C2=O,-4.047
1708,ESOL,Clc1cc(Cl)c(c(Cl)c1)c2c(Cl)cccc2Cl,-7.32
1709,ESOL,CCOc1ccc(NC(N)=O)cc1,-2.17
1710,ESOL,Clc1ccc(Cl)c(c1)c2ccc(Cl)c(Cl)c2,-7.25
1715,ESOL,Nc1nccs1 ,-0.36
1716,ESOL,O=N(=O)OCC(CON(=O)=O)ON(=O)=O ,-2.22
1727,ESOL,O2c1cc(C)ccc1N(C)C(=O)c3cc(N)cnc23 ,-3.043
1731,ESOL,CC1(OC(=O)N(C1=O)c2cc(Cl)cc(Cl)c2)C=C,-4.925
1732,ESOL,Sc2nc1ccccc1s2 ,-3.18
1736,ESOL,OC3N=C(c1ccccc1Cl)c2cc(Cl)ccc2NC3=O,-3.604
1738,ESOL,N#Cc1ccccc1C#N,-2.38
1741,ESOL,O=c1[nH]cnc2[nH]ncc12 ,-2.266
1746,ESOL,CC(=O)Nc1cc(NS(=O)(=O)C(F)(F)F)c(C)cc1C,-3.24
1752,ESOL,ClC1=C(Cl)C2(Cl)C3C4CC(C=C4)C3C1(Cl)C2(Cl)Cl,-6.307
1754,ESOL,NC(=O)N,0.96
1761,ESOL,CCSSCC,-2.42
1762,ESOL,Cc1ncnc2nccnc12,-0.466
1770,ESOL,CCOc2ccc1nc(sc1c2)S(N)(=O)=O ,-3.81
1780,ESOL,C1(=O)NC(=O)NC(=O)C1(O)C2(O)C(=O)NC(=O)NC2(=O),-1.99
1783,ESOL,CC(=O)Nc1ccc(F)cc1,-1.78
1784,ESOL,Clc1ccc(Cl)c(c1)c2cc(Cl)c(Cl)c(Cl)c2Cl,-7.68
1794,ESOL,COc2ccc(Oc1ccc(NC(=O)N(C)C)cc1)cc2,-4.16
1796,ESOL,CC(C)c1ccc(C)cc1O,-2.22
1801,ESOL,CC(C)NC(=O)N1CC(=O)N(C1=O)c2cc(Cl)cc(Cl)c2,-4.376
1803,ESOL,COP(=S)(OC)SCC(=O)N(C)C=O,-1.995
1804,ESOL,CCCCCCCCC(=O)OCC,-3.8
1809,ESOL,CCCSCCC,-2.58
1823,ESOL,Cc1cccc(C)c1,-2.82
1826,ESOL,Nc1ccc(cc1)S(N)(=O)=O,-1.34
1831,ESOL,Clc1ccc(c(Cl)c1)c2ccc(Cl)c(Cl)c2Cl ,-7.8
1833,ESOL,c3ccc2c(O)c1ccccc1cc2c3 ,-4.73
1846,ESOL,CCCN(CCC)c1c(cc(cc1N(=O)=O)C(F)(F)F)N(=O)=O,-5.68
1848,ESOL,CC1(C)C(C=C(Cl)Cl)C1C(=O)OC(C#N)c2ccc(F)c(Oc3ccccc3)c2,-7.3370000000000015
1854,ESOL,C=CC#N,0.15
1856,ESOL,CC(C)(C)Cc1ccccc1,-4.15
1863,ESOL,CC1(C)CON(Cc2ccccc2Cl)C1=O,-2.338
1868,ESOL,CN(C)C(=O)C,1.11
1869,ESOL,CC1OC(CC(O)C1O)OC2C(O)CC(OC2C)OC8C(O)CC(OC7CCC3(C)C(CCC4C3CC(O)C5(C)C(CCC45O)C6=CC(=O)OC6)C7)OC8C ,-4.081
1870,ESOL,c1(Br)c(Br)cc(Br)cc1,-4.5
1889,ESOL,CCCCCC(O)CC,-1.98
1894,ESOL,CC34CCC1C(CCc2cc(O)ccc12)C3CCC4(O)C#C ,-4.3
1895,ESOL,CC1(C)C(C=C(Cl)Cl)C1C(=O)OCc2cccc(Oc3ccccc3)c2,-6.291
1901,ESOL,COc1c(O)c(Cl)c(Cl)c(Cl)c1Cl ,-4.02
1902,ESOL,c1(C(C)(C)C)cc(C(C)(C)C)cc(OC(=O)NC)c1,-4.24
1908,ESOL,CCCCOc1ccc(C(=O)OCC)c(c1)N(CC)CC ,-3.84
1912,ESOL,Oc1cccc2cccnc12 ,-2.42
1914,ESOL,O=C1NC(=O)NC(=O)C1(C)CC=C,-1.16
1916,ESOL,CCCCCCCCBr,-5.06
1927,ESOL,c2c(C)cc1nc(C)ccc1c2 ,-1.94
1929,ESOL,c1ccc2c(c1)c3cccc4c3c2cc5ccccc54,-8.23
1934,ESOL,ON=Cc1ccc(o1)N(=O)=O ,-2.19
1946,ESOL,ClC(=C(Cl)C(=C(Cl)Cl)Cl)Cl,-4.92
1947,ESOL,OCCCC=C,-0.15
1949,ESOL,Clc1ccccc1I,-3.54
1955,ESOL,CCC(CC)C=O,-1.52
1964,ESOL,Clc1ccc(Cl)cc1,-3.27
1965,ESOL,c1ccc2c(c1)ccc3c4ccccc4ccc23,-8.057
